{
  "lang":"vi",
  "name":"pipeline",
  "version":"0.0.0",
  "spacy_version":">=3.1.1,<3.2.0",
  "description":"",
  "author":"",
  "email":"",
  "url":"",
  "license":"",
  "spacy_git_version":"ffaead8fe",
  "vectors":{
    "width":0,
    "vectors":0,
    "keys":0,
    "name":null
  },
  "labels":{
    "tok2vec":[

    ],
    "ner":[
      "LOC",
      "MISC",
      "ORG",
      "PER"
    ]
  },
  "pipeline":[
    "tok2vec",
    "ner"
  ],
  "components":[
    "tok2vec",
    "ner"
  ],
  "disabled":[

  ],
  "performance":{
    "ents_f":0.9497210393,
    "ents_p":0.950945392,
    "ents_r":0.9484998351,
    "ents_per_type":{
      "LOC":{
        "p":0.9311510681,
        "r":0.9714606381,
        "f":0.9508788449
      },
      "ORG":{
        "p":0.8548983364,
        "r":0.7819103973,
        "f":0.8167770419
      },
      "PER":{
        "p":0.9820887297,
        "r":0.9551118853,
        "f":0.968412472
      },
      "MISC":{
        "p":0.9749103943,
        "r":0.9645390071,
        "f":0.9696969697
      }
    },
    "tok2vec_loss":25.1641994715,
    "ner_loss":95.4392476813
  }
}