{
  "lang":"vi",
  "name":"pipeline",
  "version":"0.0.0",
  "spacy_version":">=3.1.1,<3.2.0",
  "description":"",
  "author":"",
  "email":"",
  "url":"",
  "license":"",
  "spacy_git_version":"ffaead8fe",
  "vectors":{
    "width":0,
    "vectors":0,
    "keys":0,
    "name":null
  },
  "labels":{
    "tok2vec":[

    ],
    "ner":[
      "LOC",
      "MISC",
      "ORG",
      "PER"
    ]
  },
  "pipeline":[
    "tok2vec",
    "ner"
  ],
  "components":[
    "tok2vec",
    "ner"
  ],
  "disabled":[

  ],
  "performance":{
    "ents_f":0.9586355357,
    "ents_p":0.9629407851,
    "ents_r":0.9543686119,
    "ents_per_type":{
      "LOC":{
        "p":0.9601162603,
        "r":0.9533429533,
        "f":0.9567176187
      },
      "ORG":{
        "p":0.8642413487,
        "r":0.8233305156,
        "f":0.8432900433
      },
      "PER":{
        "p":0.9799380638,
        "r":0.9752110411,
        "f":0.9775688381
      },
      "MISC":{
        "p":0.9717314488,
        "r":0.975177305,
        "f":0.9734513274
      }
    },
    "tok2vec_loss":17.2925037146,
    "ner_loss":73.8310511591
  }
}